"country","sortid","type","org","url"
"AUT","1","Ministry","Startpage – BMEIA - Außenministerium Österreich","https://www.bmeia.gv.at/en/"
"AUT","2","National parliament – EU committee(s)","European Union | Parliament Austria","https://www.parlament.gv.at/en/eu-international/european-union/index.html"
"AUT","3","Federal Council","The Federal Council | Parliament Austria","https://www.parlament.gv.at/en/explore/members-and-entities/the-federal-council"
"AUT","4","PermRep","The Permanent Representation of Austria to the European Union Brussels – BMEIA - Außenministerium Österreich","https://www.bmeia.gv.at/en/oev-bruessel"
"AUT","5","UN representation","Permanent Mission of Austria to the United Nations New York – BMEIA - Außenministerium Österreich","https://www.bmeia.gv.at/oev-new-york/"
"AUT","6","NATO representation","Austrian Mission to NATO – BMEIA - Außenministerium Österreich","https://www.bmeia.gv.at/en/austrian-mission-to-nato/"
"AUT","7","OECD","Trade Issues (WTO) – BMEIA - Außenministerium Österreich","https://www.bmeia.gv.at/oev-genf/our-work-in-geneva/trade-issues-wto"
"BEL","1","Ministry","Homepage | FPS Foreign Affairs - Foreign Trade and Development Cooperation","https://diplomatie.belgium.be/en"
"BEL","2","National parliament – EU committee(s)","Federal advisory committee on European Affairs","https://www.senate.be/english/fedadv_en.html"
"BEL","3","Senate","Senate of Belgium","https://www.senate.be/"
"BEL","4","PermRep","Permanent Representation of Belgium to the European Union | FPS Foreign Affairs - Foreign Trade and Development Cooperation","https://europeanunion.diplomatie.belgium.be/en"
"BEL","5","UN representation","Permanent Mission of Belgium to the UN | FPS Foreign Affairs - Foreign Trade and Development Cooperation","https://newyorkun.diplomatie.belgium.be/en"
"BEL","6","NATO representation","Permanent Representation of Belgium to NATO | FPS Foreign Affairs - Foreign Trade and Development Cooperation","https://nato.diplomatie.belgium.be/en"
"BUL","1","Ministry","Ministry of foreign affairs :: MFA","https://www.mfa.bg/en/"
"BUL","2","National parliament – EU committee(s)","National Assembly of the Republic of Bulgaria","https://www.parliament.bg/en"
"BUL","4","PermRep","Belgium, Brussels, Permanent Representation of the Republic of Bulgaria :: MFA","https://www.mfa.bg/en/embassies/belgiumpp"
"BUL","5","UN representation","USA, New York, Permanent Representation of the Republic of Bulgaria to the UN :: MFA","https://www.mfa.bg/en/embassies/usapr"
"BUL","6","NATO representation","NATO :: MFA","https://www.mfa.bg/en/3083"
"CYP","1","Ministry","Homepage - Ministry of Foreign Affairs - Gov.cy","https://www.gov.cy/mfa/en/"
"CYP","2","House of Representatives – EU committee(s)","House of Representatives - Standing Committee on Foreign and European Affairs","https://www.parliament.cy/en/general-information/composition/parliamentary-committees-/%CE%BA%CE%BF%CE%B9%CE%BD%CE%BF%CE%B2%CE%BF%CF%85%CE%BB%CE%B5%CF%85%CF%84%CE%B9%CE%BA%CE%AE-%CE%B5%CF%80%CE%B9%CF%84%CF%81%CE%BF%CF%80%CE%AE-%CE%B5%CE%BE%CF%89%CF%84%CE%B5%CF%81%CE%B9%CE%BA%CF%8E%CE%BD-%CE%BA%CE%B1%CE%B9-%CE%B5%CF%85%CF%81%CF%89%CF%80%CE%B1%CF%8A%CE%BA%CF%8E%CE%BD-%CF%85%CF%80%CE%BF%CE%B8%CE%AD%CF%83%CE%B5%CF%89%CE%BD"
"CYP","4","PermRep","Αρχική Σελίδα - Brussels Embassy","https://www.gov.cy/mfa-permrepeu/"
"CYP","5","UN representation","United Nations, New York - Ministry of Foreign Affairs - Gov.cy","https://www.gov.cy/mfa/en/united-nations-new-york/"
"CZE","1","Ministry","Ministry of Foreign Affairs of the Czech Republic","https://mzv.gov.cz/jnp/en/index.html"
"CZE","2","National parliament – EU committee(s)","Committee for the EU | Government of the Czech Republic","https://vlada.gov.cz/en/evropske-zalezitosti/evropske-politiky/vybor-pro-eu/committee-for-the-eu-78990/"
"CZE","3","Senate","Committee on EU Affairs: Senate","https://www.senat.cz/organy/index.php?lng=en&ke_dni=22.08.2026&O=15&par_2=536"
"CZE","4","PermRep","Permanent Representation of the Czech Republic to the European Union","https://mzv.gov.cz/representation_brussels/en/index.html"
"CZE","5","UN representation","Permanent Mission of the Czech Republic to the UN in New York","https://mzv.gov.cz/un.newyork/en/index.html"
"CZE","6","NATO representation","Permanent Delegation of the Czech Republic to NATO in Brussels","https://mzv.gov.cz/nato.brussels/en/index.html"
"CZE","7","OECD","Permanent Delegation of the Czech Republic to the OECD in Paris","https://mzv.gov.cz/oecd.paris/en/index.html"
"DNK","1","Ministry","Ministry of Foreign Affairs of Denmark","https://um.dk/en/"
"DNK","2","National parliament – EU committee(s)","The European Affairs Committee / The Danish Parliament","https://www.thedanishparliament.dk/en/committees/committees/euu"
"DNK","4","PermRep","Permanent Representation of Denmark to The European Union","https://um.dk/eu/en/"
"DNK","5","UN representation","Denmark | UN Meetings Coverage and Press Releases","https://press.un.org/en/denmark"
"DNK","6","NATO representation","DANMARKS FASTE REPRÆSENTATION VED NATO","https://um.dk/danato/"
"DNK","7","OECD","Danmarks Faste repræsentation ved OECD","https://um.dk/oecd/"
"ESP","1","Ministry","https://www.exteriores.gob.es/","https://www.exteriores.gob.es/"
"ESP","2","National parliament – EU committee(s)","https://www.congreso.es/","https://www.congreso.es/"
"ESP","3","Federal Council","https://www.senado.es/web/index.html","https://www.senado.es/web/index.html"
"ESP","4","PermRep","https://www.exteriores.gob.es/RepresentacionesPermanentes/ue","https://www.exteriores.gob.es/RepresentacionesPermanentes/ue"
"ESP","5","UN representation","https://www.exteriores.gob.es/RepresentacionesPermanentes/onu","https://www.exteriores.gob.es/RepresentacionesPermanentes/onu"
"ESP","6","NATO representation","https://www.exteriores.gob.es/RepresentacionesPermanentes/otan","https://www.exteriores.gob.es/RepresentacionesPermanentes/otan"
"ESP","7","OECD","https://www.exteriores.gob.es/RepresentacionesPermanentes/ocde/en/Paginas/index.aspx","https://www.exteriores.gob.es/RepresentacionesPermanentes/ocde/en/Paginas/index.aspx"
"EST","1","Ministry","Estonia in the European Union | Välisministeerium","https://vm.ee/en/estonia-european-union"
"EST","2","National parliament – EU committee(s)","European Union Affairs Committee - Riigikogu","https://www.riigikogu.ee/en/parliament-of-estonia/committees/european-union-affairs-committee/"
"EST","4","PermRep","Estonia in EU","https://eu.mfa.ee/"
"EST","5","UN representation","Estonia in UN – Permanent Representation of Estonia to the UN","https://un.mfa.ee/"
"EST","6","NATO representation","Permanent Representative – Estonia in Nato","https://nato.mfa.ee/permanent-representative/"
"EST","7","OECD/WTO","OECD and WTO | Majandus- ja Kommunikatsiooniministeerium","https://mkm.ee/en/ministry-news-and-contact/department-eu-and-international-co-operation/oecd-and-wto"
"FIN","1","Ministry","Frontpage - Ministry for Foreign Affairs","https://um.fi/frontpage"
"FIN","2","National parliament – EU committee(s)","The Grand Committee – Parliament's EU committee","https://www.eduskunta.fi/en/members-and-parliamentary-bodies/committees/grand-committee-parliaments-eu-committee"
"FIN","4","PermRep","Permanent Representation of Finland to the EU, Brussels - Finland abroad: Permanent Representation of Finland to the EU","https://finlandabroad.fi/web/eu/permanent-representation-brussels"
"FIN","5","UN representation","Front­page - Finland abroad: Permanent Mission of Finland to the United Nations","https://finlandabroad.fi/web/un/frontpage"
"FIN","6","NATO representation","Permanent Representation of Finland to NATO - Finland abroad: Nato","https://finlandabroad.fi/web/nato/mission-of-finland-to-nato"
"FIN","7","OECD","Permanent Delegation of Finland to the Organization for Economic Co-operation and Development (OECD) - Finland abroad: OECD","https://finlandabroad.fi/web/oecd/permanent-delegation-to-the-oecd-paris"
"FRA","1","Ministry","https://www.diplomatie.gouv.fr/en","https://www.diplomatie.gouv.fr/en"
"FRA","2","National parliament – EU committee(s)","Europe et international - Assemblée nationale","https://www.assemblee-nationale.fr/dyn/europe-et-international"
"FRA","3","Federal Council","https://ue.diplomatie.gouv.fr/representation-permanente-de-la-france-aupres-de-lunion-europeenne","https://ue.diplomatie.gouv.fr/representation-permanente-de-la-france-aupres-de-lunion-europeenne"
"FRA","4","PermRep","France ONU","https://onu.delegfrance.org/-France-at-the-United-Nations-"
"FRA","5","UN representation","Accueil | France at NATO","https://otan.diplomatie.gouv.fr/en"
"FRA","6","NATO representation","Accueil | La France au Conseil de l'Europe","https://conseil-europe.diplomatie.gouv.fr/"
"FRA","7","OECD","Accueil | La France à l'OCDE","https://ocde.diplomatie.gouv.fr/en"
"GER","1","Ministry","Federal Ministry for Economic Affairs and Energy","https://www.bundeswirtschaftsministerium.de/Navigation/EN/Home/home.html"
"GER","2","Mnistry","Europe - Federal Foreign Office","https://www.auswaertiges-amt.de/en/aussenpolitik/europe"
"GER","3","National parliament – EU committee(s)","Committee on European Union Affairs - German Bundestag","https://www.bundestag.de/en/committees/a21"
"GER","4","Federal Council","Bundesrat - Committee on European Union Affairs","https://www.bundesrat.de/EN/organisation-en/ausschuesse-en/eu-en/eu-en-node.html"
"GER","5","PermRep","Permanent Representation of the Federal Republic of Germany to the European Union in Brussels - Federal Foreign Office","https://bruessel-eu.diplo.de/eu-en"
"GER","6","UN representation","The German Permanent Missions to the United Nations - Federal Foreign Office","https://www.auswaertiges-amt.de/en/aussenpolitik/internationale-organisationen/vereintenationen/2502886-2502886"
"GER","7","NATO representation","Permanent Delegation of the Federal Republic of Germany to NATO - Federal Foreign Office","https://nato.diplo.de/nato-en"
"GER","8","OECD","Permanent Representation of the Federal Republic of Germany to the OECD in Paris","https://paris-oecd.diplo.de/oecd-en"
"GRC","1","Ministry","Homepage - Hellenic Republic - Ministry of Foreign Affairs","https://www.mfa.gr/en/"
"GRC","2","National parliament – EU committee(s)","Committee on European Affairs","https://www.hellenicparliament.gr/en/Diethneis-Drastiriotites/Evropaiki-Enosi/Epitropi-Evropaikon-Ypotheseon/"
"GRC","4","PermRep","Permanent Representation of Greece to the European Union - Sections of the Premanent Representation to the EU","https://www.mfa.gr/brussels/en/permanent-representation-eu/sections/permanent-representation-of-greece-to-the-european-union.html"
"GRC","5","UN representation","Permanent Mission of Greece to the United Nations - Permanent Mission of Greece to the United Nations","https://www.mfa.gr/un/en/"
"GRC","6","NATO representation","Permanent Representation to NATO - Hellenic Republic - Greece in Brussels","https://www.mfa.gr/brussels/en/permanent-representation-nato/"
"GRC","7","OECD","Représentation permanente auprès de l’OCDE","https://www.mfa.gr/france/fr/oosafr.html"
"HRV","1","Ministry","Ministry of Foreign Affairs of the Republic of Croatia - Homepage","https://mvep.gov.hr/en"
"HRV","2","National parliament – EU committee(s)","European Affairs | Croatian Parliament","https://www.sabor.hr/en/european-affairs"
"HRV","4","PermRep","Ministry of Foreign Affairs of the Republic of Croatia - Naslovna","https://mvep.gov.hr/eu/en"
"HRV","5","UN representation","Ministry of Foreign Affairs of the Republic of Croatia - Naslovna","https://mvep.gov.hr/un/en"
"HRV","6","NATO representation","https://mvep.gov.hr/nato/en","https://mvep.gov.hr/nato/en"
"HRV","7","OECD","Ministarstvo financija Republike Hrvatske - Croatia and OECD","https://mfin.gov.hr/highlights-2848/croatia-and-oecd/4121"
"HUN","1","Ministry","Government - Ministry of Foreign Affairs and Trade","https://2015-2019.kormany.hu/en/ministry-of-foreign-affairs-and-trade"
"HUN","2","National parliament – EU committee(s)","Parliamentary control over the Government in EU affairs - House of the National Assembly - Országgyűlés","https://www.parlament.hu/web/house-of-the-national-assembly/parliamentary-control-over-the-government-in-eu-affairs"
"HUN","4","PermRep","Permanent Representation of Hungary to the European Union, Brussels","https://eu-brusszel.mfa.gov.hu/en"
"HUN","5","UN representation","HUNGARY IN THE UN - Permanent Mission of Hungary United Nations New York","https://ensz-newyork.mfa.gov.hu/en/hungary-in-the-un"
"HUN","6","NATO representation","Permanent Delegation of Hungary to NATO, Brussels","https://nato-brusszel.mfa.gov.hu/en"
"HUN","7","OECD","Permanent Delegation of Hungary to the OECD and UNESCO Paris","https://oecd-parizs.mfa.gov.hu/en"
"IRL","1","Ministry","Ireland.ie | Official international website of Ireland | This is Ireland","https://www.ireland.ie/en/"
"IRL","2","National parliament – EU committee(s)","Committee on European Union Affairs – Houses of the Oireachtas","https://www.oireachtas.ie/en/committees/34/european-union-affairs/"
"IRL","3","Senate","Seanad Éireann – Houses of the Oireachtas","https://www.oireachtas.ie/en/visit-and-learn/how-parliament-works/role-of-the-oireachtas/seanad-eireann/"
"IRL","4","PermRep","Permanent Representation Of Ireland To The European Union | Ireland.ie | Ireland.ie","https://www.ireland.ie/en/eu/brussels/"
"IRL","5","UN representation","Ireland at the UN | Ireland's Permanent Mission To The UN In New York | Ireland.ie | Ireland.ie","https://www.ireland.ie/en/un/newyork/ireland-at-the-un/"
"IRL","7","OECD","Permanent Representation of Ireland to the OECD and UNESCO | Ireland.ie | Ireland.ie","https://www.ireland.ie/en/oecd-unesco/paris/"
"ITA","1","Ministry","https://www.politicheeuropee.gov.it/","https://www.politicheeuropee.gov.it/"
"ITA","2","Ministry","Ministero degli Affari Esteri e della Cooperazione Internazionale – Ministero degli Affari Esteri e della Cooperazione Internazionale",""
"ITA","3","National parliament – EU committee(s)","XIX Legislatura - Deputati e Organi - Scheda Organo","https://www.camera.it/leg19/99?shadow_organo_parlamentare=3514&id_tipografico=14"
"ITA","4","Federal Council","https://www.senato.it/en/european-and-international-affairs","https://www.senato.it/en/european-and-international-affairs"
"ITA","5","PermRep","https://italiaue.esteri.it/it/","https://italiaue.esteri.it/it/"
"ITA","6","UN representation","https://italyun.esteri.it/it/","https://italyun.esteri.it/it/"
"ITA","7","NATO representation","https://italianato.esteri.it/","https://italianato.esteri.it/"
"ITA","8","OECD","OECD – Rappresentanza permanente d’Italia presso le Organizzazioni Internazionali Parigi","https://italiarapparigi.esteri.it/en/litalia-e-le-ooii/ocse/"
"LTH","1","Ministry","Ministry of Foreign Affairs of the Republic of Lithuania","https://www.urm.lt/en"
"LTH","2","National parliament – EU","The Seimas and the EU - Banners","https://www.lrs.lt/sip/portal.show?p_r=35664&p_k=2"
"LTH","4","PermRep","Permanent Representation of Lithuania to the European Union","https://eu.mfa.lt/en"
"LTH","5","UN representation","Permanent Mission of Lithuania to the United Nations in New York","https://un.mfa.lt/en"
"LTH","6","NATO representation","Permanent delegation of the Republic of Lithuania to NATO","https://nato.mfa.lt/en"
"LTH","7","OECD","PERMANENT REPRESENTATION OF THE REPUBLIC OF LITHUANIA TO THE ORGANISATION FOR ECONOMIC CO-OPERATION AND DEVELOPMENT | Ministry of Foreign Affairs of the Republic of Lithuania","https://www.urm.lt/en/about-us/organisation/find-us-abroad/941/e148"
"LTV","1","Ministry","Ārlietu ministrija - Foreign Affairs Ministry","https://www.mfa.gov.lv/en"
"LTV","2","National parliament","Sākumlapa - Latvijas Republikas Saeima","https://www.saeima.lv/"
"LTV","4","PermRep","Permanent Representation of Latvia to the EU","https://www2.mfa.gov.lv/en/brussels"
"LTV","5","UN representation","Permanent Mission of the Republic of Latvia to the United Nations","https://www2.mfa.gov.lv/en/newyork"
"LTV","6","NATO representation","Permanent Delegation of the Republic of Latvia to NATO | Ārlietu ministrija","https://www.mfa.gov.lv/en/permanent-delegation-republic-latvia-nato"
"LTV","7","OECD","The OECD and Latvia | Ārlietu ministrija","https://www.mfa.gov.lv/en/oecd-and-latvia"
"LUX","1","Ministry","Ministère des Affaires étrangères et européennes, de la Défense, de la Coopération et du Commerce extérieur - Le gouvernement luxembourgeois","https://mae.gouvernement.lu/fr.html"
"LUX","2","National parliament – EU committee(s)","Commission des Affaires étrangères et européennes, de la Coopération, du Commerce extérieur et à la Grande Région | Chambre des Députés du Grand-Duché de Luxembourg","https://www.chd.lu/en/commission/742"
"LUX","4","PermRep","Permanent Representation - Permanent representation of Luxembourg to the EU","https://bruxelles-rpue.mae.lu/en/ambassades.html"
"LUX","5","UN representation","Représentation permanente du Luxembourg auprès des Nations Unies à New York","https://newyork-un.mae.lu/fr.html"
"LUX","7","OECD","Permanent Representation of Luxembourg to the OECD and the UNESCO","https://paris-rp.mae.lu/en.html"
"MLT","1","Ministry","Ministère des Affaires étrangères et européennes, de la Défense, de la Coopération et du Commerce extérieur - Le gouvernement luxembourgeois","https://mae.gouvernement.lu/fr.html"
"MLT","2","National parliament – EU committee(s)","Parliament of Malta - Foreign and European Affairs Committee","https://parlament.mt/en/15th-leg/foreign-and-european-affairs-committee/"
"MLT","4","PermRep","Permanent Representation of Malta to the European Union - Missions Malta","https://missions.foreign.gov.mt/permanent-representations/european-union/"
"MLT","5","UN representation","Permanent Mission of Malta to the UN New York - Missions Malta","https://missions.foreign.gov.mt/permanent-missions/new-york/"
"NED","1","Ministry","Ministry of Foreign Affairs | Government.nl","https://www.government.nl/ministries/ministry-of-foreign-affairs"
"NED","2","National parliament – EU committee(s)","European Affairs | House of Representatives","https://www.houseofrepresentatives.nl/members_of_parliament/committees/eu"
"NED","3","Senate","English - Europese Berichtgeving Eerste Kamer","https://www.eerstekamer.nl/eu/begrip/english_3"
"NED","4","PermRep","Home - PR EU, Brussels | The Netherlands and PR EU, Brussels","https://www.netherlandsandyou.nl/web/pr-eu-brussels"
"NED","5","UN representation","Home - PR UN New York | The Netherlands and the UN New York","https://www.netherlandsandyou.nl/web/pr-un-new-york"
"NED","6","NATO representation","Home - PR Joint Delegation to NATO, Brussels | The Netherlands and Joint Delegation to NATO, Brussels","https://www.netherlandsandyou.nl/web/pr-nato-brussels"
"NED","7","OECD","Home - PR OECD Paris | The Netherlands and the OECD","https://www.netherlandsandyou.nl/web/oecd-paris"
"POL","1","Ministry","Committee for European Affairs - Ministry of Foreign Affairs Republic of Poland - Gov.pl website","https://www.gov.pl/web/diplomacy/committee-for-european-affairs"
"POL","2","National parliament – EU committee(s)","Komisja do Spraw Unii Europejskiej (SUE) - Sejm Rzeczypospolitej Polskiej","https://www.sejm.gov.pl/sejm10.nsf/agent.xsp?symbol=KOMISJAST&NrKadencji=10&KodKom=SUE"
"POL","3","Senate","Senate of the Republic of Poland / Senators / Senate Committees","https://www.senat.gov.pl/en/senators/komisje-senackie/komisja,254,the-european-union-affairs-committee.html"
"POL","4","PermRep","Poland in the EU - Poland in the EU - Gov.pl website","https://www.gov.pl/web/eu"
"POL","5","UN representation","Poland in the UN - Poland in the UN - Gov.pl website","https://www.gov.pl/web/un"
"POL","6","NATO representation","Poland in NATO - Poland in NATO - Gov.pl website","https://www.gov.pl/web/nato-en"
"POL","7","OECD","Poland in OECD - Poland in the OECD - Gov.pl website","https://www.gov.pl/web/oecd-en"
"PRT","1","Ministry","Assuntos Europeus - Política Externa - Portal Diplomático","https://portaldiplomatico.mne.gov.pt/politica-externa/assuntos-europeus"
"PRT","2","National parliament – EU committee(s)","European Affairs Committee","https://www.parlamento.pt/sites/EN/Committees/Paginas/CAE.aspx"
"PRT","4","PermRep","Permanent Representation of Portugal to the European Union","https://ue.missaoportugal.mne.gov.pt/en/"
"PRT","5","UN representation","Permanent Mission of Portugal to the United Nations","https://onu.missaoportugal.mne.gov.pt/en/"
"PRT","6","NATO representation","Portugal at NATO - Portuguese Delegation to the North Atlantic Treaty Organization","https://otan.missaoportugal.mne.gov.pt/en/portugal-at-nato"
"PRT","7","OECD","Permanent Delegation at the Organisation for Economic Cooperation and Development","https://ocde.missaoportugal.mne.gov.pt/en/"
"ROU","1","Ministry","Ministry of Foreign Affairs","https://mae.ro/en"
"ROU","2","National parliament – EU committee(s)","Parliamentary committees of the Chamber of Deputies","https://www.cdep.ro/ords/pls/parlam/structura2015.co?leg=2024&idl=2&idc=33"
"ROU","3","Senate","Senate of Romania","https://www.senat.ro/default.aspx"
"ROU","4","PermRep","REPREZENTANȚA PERMANENTĂ A ROMÂNIEI pe lângă Uniunea Europeană","https://ue.mae.ro/"
"ROU","5","UN representation","MISIUNEA PERMANENTĂ A ROMÂNIEI pe lângă Organizaţia Naţiunilor Unite","https://mpnewyork.mae.ro/"
"ROU","6","NATO representation","DELEGAŢIA PERMANENTĂ A ROMÂNIEI la NATO","https://nato.mae.ro/"
"SVK","1","Ministry","Domov | Ministerstvo zahraničných vecí a európskych záležitostí SR","https://www.mzv.sk/web/en"
"SVK","4","PermRep","Home | Stále zastúpenie SR pri EÚ Brusel","https://www.mzv.sk/web/szbrusel"
"SVK","5","UN representation","Home | Stála misia Slovenskej republiky pri Organizácii Spojených národov v New Yorku","https://www.mzv.sk/web/smnewyork"
"SVK","6","NATO representation","Permanent Representative | Permanent Delegation of the Slovak Republic to NATO in Brussels","https://www.mzv.sk/en/web/sdnato-en/about-us/permanent-representative"
"SVK","7","OECD","Home | Permanent Delegation of the Slovak Republic to the OECD in Paris","https://www.mzv.sk/en/web/oecdpariz-en"
"SVN","1","Ministry","Ministry of Foreign and European Affairs | GOV.SI","https://www.gov.si/en/state-authorities/ministries/ministry-of-foreign-and-european-affairs/"
"SVN","2","National Assembly – EU committee(s)","Committee on EU Affairs","https://www.dz-rs.si/wps/portal/en/Home/pos/WorkingBodies/izbranDT/!ut/p/z1/04_Sj9CPykssy0xPLMnMz0vMAfIjo8zinfyCTD293Q0N_IMNLAwC_SxcjdwDAg3cXUz1w1EVuHs5mRgEGvv7OgWZBxl6GJnqRxGj3wAHcDQgTj8eBVH4jS_IDQ0NdVRUBAA6yZEK/dz/d5/L2dBISEvZ0FBIS9nQSEh/?idSubjekt=DT032"
"SVN","3","National Council","Commission for International Relations and European Affairs | Državni svet Republike Slovenije","https://ds-rs.si/en/current-mandate/commission-international-relations-european-affairs"
"SVN","4","PermRep","www.brussels.representation.si","http://www.brussels.representation.si/"
"SVN","5","UN representation","www.newyork.mission.si","http://www.newyork.mission.si/"
"SVN","6","NATO representation","brussels.mission.si","http://brussels.mission.si/"
"SVN","7","OECD","www.paris.representation.si","http://www.paris.representation.si/"
"SWE","1","Ministry","Prime Minister's Office - Government.se","https://www.government.se/government-of-sweden/prime-ministers-office/"
"SWE","2","National parliament – EU committee(s)","Committee on EU Affairs | Sveriges riksdag","https://www.riksdagen.se/en/how-the-riksdag-works/committees/committee-on-eu-affairs/"
"SWE","4","PermRep","EU-representation, Brussels - Sweden Abroad","https://www.swedenabroad.se/en/embassies/european-union/"
"SWE","5","UN representation","UN, New York - Sweden Abroad","https://www.swedenabroad.se/en/embassies/un-new-york/"
"SWE","6","NATO representation","Brussels, NATO - Sweden Abroad","https://www.swedenabroad.se/en/embassies/brussels-nato/"
"SWE","7","OECD","OECD, UNESCO - Sweden Abroad","https://www.swedenabroad.se/en/embassies/oecd-unesco/"